Part,Quantity,Unit Price (USD),Total (USD),Vendor,URL,Manufacturer Part Number,Board,Status,Notes
ESP32-S3 module with 8MB flash,1,5.66,5.66,DigiKey,https://www.digikey.com/en/products/detail/espressif-systems/ESP32-S3-WROOM-1-N8/15200089,ESP32-S3-WROOM-1-N8,Main,Candidate - verify latest design,Specific N8 variant selected for costing; does not add RAM to Raspberry Pi
3.3V regulator,1,0.28,0.28,DigiKey,https://www.digikey.com/en/products/detail/diodes-incorporated/AP2112K-3-3TRG1/4470746,AP2112K-3.3TRG1,Main,HOLD - power review,SOT-23-5; nominal current rating is not a verified thermal or load budget
HAT identification EEPROM,1,0.73,0.73,DigiKey,https://www.digikey.com/en/products/detail/onsemi/CAT24C256WI-GT3/1856934,CAT24C256WI-GT3,Main,HOLD - stacking review,SOIC-8; retain only if identification-bus compatibility with the existing HAT is confirmed
Extra-tall 40-pin stacking GPIO header,1,2.95,2.95,DigiKey,https://www.digikey.com/en/products/detail/adafruit-industries-llc/1979/6238003,Adafruit 1979,Main,HOLD - mechanical review,0.100 inch pitch; actual HAT fan and enclosure clearances must be checked
Four-position screw terminal,2,2.28,4.56,DigiKey,https://www.digikey.com/en/products/detail/phoenix-contact/1715747/260633,1715747,Main and extender,Candidate - verify latest design,One per board; MKDS 1.5/4-5.08; 0.200 inch pitch; matches the selected Phoenix footprint family
Two-position servo-power input terminal,1,1.16,1.16,DigiKey,https://www.digikey.com/en/products/detail/phoenix-contact/1715721/260631,1715721,Main,Candidate - footprint required,0.200 inch pitch; select the footprint for this exact part
Breakaway male headers - one pack of ten 36-pin strips,1,4.95,4.95,DigiKey,https://www.digikey.com/en/products/detail/adafruit-industries-llc/392/21283800,Adafruit 392,Main and extender,Candidate - verify connector fit,One PACK not ten packs; cut four 6-pin and five 3-pin headers; 39 pins used; 0.100 inch pitch
USB-C USB2.0 receptacle,1,0.80,0.80,DigiKey,https://www.digikey.com/en/products/detail/gct/USB4105-GF-A/11198441,USB4105-GF-A,Main,HOLD - footprint review,Do not substitute into an arbitrary USB-C footprint; exact pad and shield layout required
470uF 10V radial capacitor,1,0.71,0.71,DigiKey,https://www.digikey.com/en/products/detail/panasonic-industry/EEU-FR1A471/9921021,EEU-FR1A471,Main,Candidate - footprint required,0.315 inch diameter; 0.138 inch lead pitch; polarized
100uF 25V radial polymer capacitor,1,0.87,0.87,DigiKey,https://www.digikey.com/en/products/detail/kyocera-avx/RPA0609101M025B/17634433,RPA0609101M025B,Extender,Candidate - verify final board,0.248 inch diameter; 0.098 inch lead pitch; polarized; check lead diameter and body height before purchase
22uF 10V X5R ceramic capacitor,1,0.47,0.47,DigiKey,https://www.digikey.com/en/products/detail/samsung-electro-mechanics/CL31A226KPHNNNE/3886945,CL31A226KPHNNNE,Main,Candidate - verify latest design,1206 imperial package; verify effective capacitance under DC bias
1uF 50V X5R ceramic capacitors,3,0.18,0.54,DigiKey,https://www.digikey.com/en/products/detail/samsung-electro-mechanics/CL21A105KBCLNNC/3888054,CL21A105KBCLNNC,Main,Candidate - verify latest design,0805 imperial package; quantity from uploaded main schematic snapshot
100nF 50V X7R ceramic capacitors,2,0.10,0.20,DigiKey,https://www.digikey.com/en/products/detail/samsung-electro-mechanics/CL21B104KBCNNNC/3886661,CL21B104KBCNNNC,Main,Candidate - verify latest design,0805 imperial package; includes EEPROM bypass if retained
3.9k ohm 1 percent resistors,2,0.10,0.20,DigiKey,https://www.digikey.com/en/products/detail/yageo/RC0805FR-073K9L/727838,RC0805FR-073K9L,Main,Candidate - verify latest design,0805 imperial package
10k ohm 1 percent resistors,4,0.10,0.40,DigiKey,https://www.digikey.com/en/products/detail/yageo/RC0805FR-0710KL/727535,RC0805FR-0710KL,Main,Candidate - verify latest design,0805 imperial package; buy cut tape not a full reel
5.1k ohm 1 percent resistors,2,0.10,0.20,DigiKey,https://www.digikey.com/en/products/detail/bourns-inc/CR0805-FX-5101ELF/4247942,CR0805-FX-5101ELF,Main,Candidate - verify latest design,0805 imperial package; USB-C CC termination
22 ohm 1 percent resistors,2,0.10,0.20,DigiKey,https://www.digikey.com/en/products/detail/yageo/RC0805FR-0722RL/727735,RC0805FR-0722RL,Main,Candidate - verify latest design,0805 imperial package; USB data series resistors
1k ohm 1 percent resistor,1,0.10,0.10,DigiKey,https://www.digikey.com/en/products/detail/yageo/RC0805FR-071KL/727444,RC0805FR-071KL,Main,Candidate - verify latest design,0805 imperial package; status LED resistor
100k ohm 1 percent resistors,2,0.11,0.22,DigiKey,https://www.digikey.com/en/products/detail/yageo/RC0805FR-07100KL/727544,RC0805FR-07100KL,Main,Candidate - verify latest design,0805 imperial package; USB VBUS divider
Green status LED,1,0.19,0.19,DigiKey,https://www.digikey.com/en/products/detail/lite-on-inc/LTST-C170KGKT/386777,LTST-C170KGKT,Main,Candidate - verify polarity,0805 imperial package
Momentary reset and boot switches,2,0.20,0.40,DigiKey,https://www.digikey.com/en/products/detail/e-switch/TL3305AF160QG/5816181,TL3305AF160QG,Main,Candidate - footprint required,Select footprint for this exact switch; do not assume a generic tactile footprint matches
